ID,ARRIVAL_TIME,ROUTE_ID,SERVICE
1,04:50,61A,MF
2,05:20,61A,MF
3,05:49,61A,MF
4,06:19,61A,MF
5,06:47,61A,MF
6,07:00,61A,MF
7,07:16,61A,MF
8,07:31,61A,MF
9,07:45,61A,MF
10,08:00,61A,MF
11,08:15,61A,MF
12,08:30,61A,MF
13,08:45,61A,MF
14,09:00,61A,MF
15,09:16,61A,MF
16,09:31,61A,MF
17,09:47,61A,MF
18,10:07,61A,MF
19,10:27,61A,MF
20,10:47,61A,MF
21,11:07,61A,MF
22,11:27,61A,MF
23,11:47,61A,MF
24,12:07,61A,MF
25,12:27,61A,MF
26,12:46,61A,MF
27,13:06,61A,MF
28,13:26,61A,MF
29,13:46,61A,MF
30,14:05,61A,MF
31,14:25,61A,MF
32,14:40,61A,MF
33,14:55,61A,MF
34,15:10,61A,MF
35,15:25,61A,MF
36,15:40,61A,MF
37,15:55,61A,MF
38,16:10,61A,MF
39,16:25,61A,MF
40,16:40,61A,MF
41,16:55,61A,MF
42,17:10,61A,MF
43,17:26,61A,MF
44,17:41,61A,MF
45,17:56,61A,MF
46,18:16,61A,MF
47,18:37,61A,MF
48,18:58,61A,MF
49,19:28,61A,MF
50,19:58,61A,MF
51,20:28,61A,MF
52,20:59,61A,MF
53,21:29,61A,MF
54,21:59,61A,MF
55,22:29,61A,MF
56,22:58,61A,MF
57,23:30,61A,MF
58,00:00,61A,MF
59,00:31,61A,MF
60,01:01,61A,MF
61,05:21,61A,S
62,05:49,61A,S
63,06:19,61A,S
64,06:49,61A,S
65,07:19,61A,S
66,07:48,61A,S
67,08:18,61A,S
68,08:47,61A,S
69,09:17,61A,S
70,09:47,61A,S
71,10:17,61A,S
72,10:47,61A,S
73,11:07,61A,S
74,11:27,61A,S
75,11:47,61A,S
76,12:07,61A,S
77,12:27,61A,S
78,12:47,61A,S
79,13:07,61A,S
80,13:27,61A,S
81,13:47,61A,S
82,14:07,61A,S
83,14:27,61A,S
84,14:47,61A,S
85,15:07,61A,S
86,15:27,61A,S
87,15:47,61A,S
88,16:07,61A,S
89,16:27,61A,S
90,16:46,61A,S
91,17:06,61A,S
92,17:26,61A,S
93,17:46,61A,S
94,18:16,61A,S
95,18:46,61A,S
96,19:17,61A,S
97,19:47,61A,S
98,20:17,61A,S
99,20:47,61A,S
100,21:17,61A,S
101,21:48,61A,S
102,22:18,61A,S
103,22:48,61A,S
104,23:18,61A,S
105,23:50,61A,S
106,00:20,61A,S
107,00:51,61A,S
108,01:21,61A,S
109,05:50,61A,SH
110,06:34,61A,SH
111,07:19,61A,SH
112,08:03,61A,SH
113,08:47,61A,SH
114,09:32,61A,SH
115,10:17,61A,SH
116,10:47,61A,SH
117,11:17,61A,SH
118,11:47,61A,SH
119,12:17,61A,SH
120,12:47,61A,SH
121,13:17,61A,SH
122,13:47,61A,SH
123,14:17,61A,SH
124,14:47,61A,SH
125,15:17,61A,SH
126,15:47,61A,SH
127,16:17,61A,SH
128,16:46,61A,SH
129,17:16,61A,SH
130,17:46,61A,SH
131,18:31,61A,SH
132,19:17,61A,SH
133,20:02,61A,SH
134,20:47,61A,SH
135,21:33,61A,SH
136,22:18,61A,SH
137,23:05,61A,SH
138,23:50,61A,SH
139,04:34,61B,MF
140,05:04,61B,MF
141,05:33,61B,MF
142,06:03,61B,MF
143,06:32,61B,MF
144,06:53,61B,MF
145,07:08,61B,MF
146,07:23,61B,MF
147,07:38,61B,MF
148,07:53,61B,MF
149,08:08,61B,MF
150,08:23,61B,MF
151,08:38,61B,MF
152,08:53,61B,MF
153,09:08,61B,MF
154,09:23,61B,MF
155,09:38,61B,MF
156,09:56,61B,MF
157,10:16,61B,MF
158,10:36,61B,MF
159,10:56,61B,MF
160,11:16,61B,MF
161,11:36,61B,MF
162,11:56,61B,MF
163,12:15,61B,MF
164,12:35,61B,MF
165,12:55,61B,MF
166,13:15,61B,MF
167,13:34,61B,MF
168,13:54,61B,MF
169,14:14,61B,MF
170,14:31,61B,MF
171,14:46,61B,MF
172,15:01,61B,MF
173,15:16,61B,MF
174,15:31,61B,MF
175,15:46,61B,MF
176,16:01,61B,MF
177,16:16,61B,MF
178,16:31,61B,MF
179,16:46,61B,MF
180,17:01,61B,MF
181,17:16,61B,MF
182,17:31,61B,MF
183,17:46,61B,MF
184,18:05,61B,MF
185,18:26,61B,MF
186,18:47,61B,MF
187,19:11,61B,MF
188,19:41,61B,MF
189,20:11,61B,MF
190,20:42,61B,MF
191,21:12,61B,MF
192,21:42,61B,MF
193,22:12,61B,MF
194,22:42,61B,MF
195,23:13,61B,MF
196,23:44,61B,MF
197,00:15,61B,MF
198,00:45,61B,MF
199,01:15,61B,MF
200,05:35,61B,S
201,06:03,61B,S
202,06:34,61B,S
203,07:04,61B,S
204,07:33,61B,S
205,08:03,61B,S
206,08:33,61B,S
207,09:03,61B,S
208,09:33,61B,S
209,10:03,61B,S
210,10:33,61B,S
211,10:59,61B,S
212,11:19,61B,S
213,11:38,61B,S
214,11:58,61B,S
215,12:18,61B,S
216,12:37,61B,S
217,12:57,61B,S
218,13:17,61B,S
219,13:37,61B,S
220,13:57,61B,S
221,14:17,61B,S
222,14:38,61B,S
223,14:58,61B,S
224,15:18,61B,S
225,15:38,61B,S
226,15:58,61B,S
227,16:18,61B,S
228,16:38,61B,S
229,16:58,61B,S
230,17:18,61B,S
231,17:38,61B,S
232,18:02,61B,S
233,18:32,61B,S
234,19:03,61B,S
235,19:33,61B,S
236,20:03,61B,S
237,20:33,61B,S
238,21:03,61B,S
239,21:33,61B,S
240,22:04,61B,S
241,22:34,61B,S
242,23:02,61B,S
243,23:34,61B,S
244,00:04,61B,S
245,00:35,61B,S
246,01:05,61B,S
247,05:33,61B,SH
248,06:18,61B,SH
249,07:03,61B,SH
250,07:48,61B,SH
251,08:33,61B,SH
252,09:18,61B,SH
253,10:03,61B,SH
254,10:40,61B,SH
255,11:10,61B,SH
256,11:39,61B,SH
257,12:09,61B,SH
258,12:39,61B,SH
259,13:08,61B,SH
260,13:38,61B,SH
261,14:08,61B,SH
262,14:38,61B,SH
263,15:09,61B,SH
264,15:39,61B,SH
265,16:09,61B,SH
266,16:39,61B,SH
267,17:09,61B,SH
268,17:39,61B,SH
269,18:17,61B,SH
270,19:03,61B,SH
271,19:48,61B,SH
272,20:33,61B,SH
273,21:18,61B,SH
274,22:03,61B,SH
275,22:48,61B,SH
276,23:33,61B,SH
277,00:18,61B,SH
278,04:28,61C,MF
279,04:57,61C,MF
280,05:26,61C,MF
281,05:54,61C,MF
282,06:24,61C,MF
283,06:50,61C,MF
284,07:05,61C,MF
285,07:20,61C,MF
286,07:35,61C,MF
287,07:49,61C,MF
288,08:04,61C,MF
289,08:19,61C,MF
290,08:34,61C,MF
291,08:49,61C,MF
292,09:04,61C,MF
293,09:19,61C,MF
294,09:35,61C,MF
295,09:52,61C,MF
296,10:12,61C,MF
297,10:32,61C,MF
298,10:52,61C,MF
299,11:12,61C,MF
300,11:32,61C,MF
301,11:52,61C,MF
302,12:11,61C,MF
303,12:31,61C,MF
304,12:51,61C,MF
305,13:11,61C,MF
306,13:31,61C,MF
307,13:51,61C,MF
308,14:11,61C,MF
309,14:29,61C,MF
310,14:44,61C,MF
311,14:59,61C,MF
312,15:14,61C,MF
313,15:29,61C,MF
314,15:44,61C,MF
315,15:59,61C,MF
316,16:14,61C,MF
317,16:29,61C,MF
318,16:44,61C,MF
319,16:59,61C,MF
320,17:15,61C,MF
321,17:30,61C,MF
322,17:46,61C,MF
323,18:03,61C,MF
324,18:23,61C,MF
325,18:43,61C,MF
326,19:05,61C,MF
327,19:35,61C,MF
328,20:05,61C,MF
329,20:35,61C,MF
330,21:05,61C,MF
331,21:37,61C,MF
332,22:07,61C,MF
333,22:38,61C,MF
334,23:08,61C,MF
335,23:39,61C,MF
336,00:09,61C,MF
337,00:39,61C,MF
338,01:09,61C,MF
339,04:58,61C,S
340,05:28,61C,S
341,05:58,61C,S
342,06:28,61C,S
343,06:57,61C,S
344,07:27,61C,S
345,07:56,61C,S
346,08:25,61C,S
347,08:55,61C,S
348,09:25,61C,S
349,09:55,61C,S
350,10:25,61C,S
351,10:53,61C,S
352,11:13,61C,S
353,11:33,61C,S
354,11:53,61C,S
355,12:13,61C,S
356,12:33,61C,S
357,12:53,61C,S
358,13:13,61C,S
359,13:33,61C,S
360,13:53,61C,S
361,14:13,61C,S
362,14:33,61C,S
363,14:53,61C,S
364,15:13,61C,S
365,15:33,61C,S
366,15:53,61C,S
367,16:13,61C,S
368,16:33,61C,S
369,16:53,61C,S
370,17:13,61C,S
371,17:33,61C,S
372,17:55,61C,S
373,18:25,61C,S
374,18:55,61C,S
375,19:25,61C,S
376,19:55,61C,S
377,20:26,61C,S
378,20:56,61C,S
379,21:26,61C,S
380,21:56,61C,S
381,22:26,61C,S
382,22:56,61C,S
383,23:28,61C,S
384,23:58,61C,S
385,00:28,61C,S
386,00:58,61C,S
387,01:28,61C,S
388,05:17,61C,SH
389,06:02,61C,SH
390,06:46,61C,SH
391,07:31,61C,SH
392,08:14,61C,SH
393,08:59,61C,SH
394,09:44,61C,SH
395,10:25,61C,SH
396,10:55,61C,SH
397,11:25,61C,SH
398,11:55,61C,SH
399,12:25,61C,SH
400,12:55,61C,SH
401,13:25,61C,SH
402,13:55,61C,SH
403,14:25,61C,SH
404,14:55,61C,SH
405,15:25,61C,SH
406,15:55,61C,SH
407,16:25,61C,SH
408,16:55,61C,SH
409,17:25,61C,SH
410,17:59,61C,SH
411,18:44,61C,SH
412,19:29,61C,SH
413,20:15,61C,SH
414,21:00,61C,SH
415,21:45,61C,SH
416,22:30,61C,SH
417,23:17,61C,SH
418,00:02,61C,SH
419,04:47,61D,MF
420,05:17,61D,MF
421,05:46,61D,MF
422,06:15,61D,MF
423,06:44,61D,MF
424,07:01,61D,MF
425,07:15,61D,MF
426,07:30,61D,MF
427,07:44,61D,MF
428,07:59,61D,MF
429,08:14,61D,MF
430,08:29,61D,MF
431,08:44,61D,MF
432,08:59,61D,MF
433,09:14,61D,MF
434,09:29,61D,MF
435,09:44,61D,MF
436,10:03,61D,MF
437,10:23,61D,MF
438,10:43,61D,MF
439,11:03,61D,MF
440,11:23,61D,MF
441,11:43,61D,MF
442,12:03,61D,MF
443,12:23,61D,MF
444,12:43,61D,MF
445,13:03,61D,MF
446,13:23,61D,MF
447,13:43,61D,MF
448,14:03,61D,MF
449,14:23,61D,MF
450,14:39,61D,MF
451,14:54,61D,MF
452,15:09,61D,MF
453,15:24,61D,MF
454,15:39,61D,MF
455,15:54,61D,MF
456,16:09,61D,MF
457,16:24,61D,MF
458,16:39,61D,MF
459,16:54,61D,MF
460,17:09,61D,MF
461,17:24,61D,MF
462,17:39,61D,MF
463,17:54,61D,MF
464,18:13,61D,MF
465,18:34,61D,MF
466,18:54,61D,MF
467,19:23,61D,MF
468,19:54,61D,MF
469,20:24,61D,MF
470,20:55,61D,MF
471,21:25,61D,MF
472,21:55,61D,MF
473,22:25,61D,MF
474,22:55,61D,MF
475,23:25,61D,MF
476,23:57,61D,MF
477,00:27,61D,MF
478,00:57,61D,MF
479,05:16,61D,S
480,05:46,61D,S
481,06:16,61D,S
482,06:46,61D,S
483,07:16,61D,S
484,07:46,61D,S
485,08:16,61D,S
486,08:45,61D,S
487,09:15,61D,S
488,09:44,61D,S
489,10:14,61D,S
490,10:43,61D,S
491,11:04,61D,S
492,11:24,61D,S
493,11:44,61D,S
494,12:04,61D,S
495,12:24,61D,S
496,12:44,61D,S
497,13:04,61D,S
498,13:24,61D,S
499,13:44,61D,S
500,14:04,61D,S
501,14:24,61D,S
502,14:44,61D,S
503,15:04,61D,S
504,15:24,61D,S
505,15:44,61D,S
506,16:04,61D,S
507,16:24,61D,S
508,16:44,61D,S
509,17:04,61D,S
510,17:24,61D,S
511,17:44,61D,S
512,18:13,61D,S
513,18:43,61D,S
514,19:14,61D,S
515,19:45,61D,S
516,20:15,61D,S
517,20:45,61D,S
518,21:15,61D,S
519,21:45,61D,S
520,22:15,61D,S
521,22:45,61D,S
522,23:15,61D,S
523,23:45,61D,S
524,00:16,61D,S
525,00:46,61D,S
526,01:16,61D,S
527,01:46,61D,S
528,05:44,61D,SH
529,06:29,61D,SH
530,07:14,61D,SH
531,07:59,61D,SH
532,08:43,61D,SH
533,09:27,61D,SH
534,10:12,61D,SH
535,10:43,61D,SH
536,11:13,61D,SH
537,11:43,61D,SH
538,12:13,61D,SH
539,12:43,61D,SH
540,13:13,61D,SH
541,13:43,61D,SH
542,14:13,61D,SH
543,14:43,61D,SH
544,15:13,61D,SH
545,15:43,61D,SH
546,16:13,61D,SH
547,16:43,61D,SH
548,17:13,61D,SH
549,17:43,61D,SH
550,18:26,61D,SH
551,19:12,61D,SH
552,19:58,61D,SH
553,20:43,61D,SH
554,21:28,61D,SH
555,22:13,61D,SH
556,22:58,61D,SH
557,23:43,61D,SH
558,00:29,61D,SH
